3	4	Nordeste	AL	Messias	BR-101	Federal	101BAL0670	104BAL0630			70,5	78,9	EOD	ENTR BR-104(A) - ENTR BR-104(B)	ENTR BR-104(A)	ENTR BR-104(B)	ENTR BR-104(A) → ENTR BR-104(B)	ENTR BR-104(B) → ENTR BR-104(A)	8	2	10
4	4	Nordeste	AL	Olho D'Água Grande	BR-101	Federal	101BAL0890				226,6	244,7	DUP	ENTR AL-225(A) - ENTR AL-225(B) (P/PORTO REAL DO COLÉGIO)	ENTR AL-225(A)	ENTR AL-225(B) (P/PORTO REAL DO COLÉGIO)	ENTR AL-225(A) → ENTR AL-225(B) (P/PORTO REAL DO COLÉGIO)	ENTR AL-225(B) (P/PORTO REAL DO COLÉGIO) → ENTR AL-225(A)	10	2	12
8	4	Nordeste	BA	Feira de Santana	BR-116	Federal	116BBA0690	324BBA0330			403,8	423,1	PAV	ENTR BR-324(A) - ENTR BR-324(B)/BA-502/503 (FEIRA DE SANTANA)	ENTR BR-324(A)	ENTR BR-324(B)/BA-502/503 (FEIRA DE SANTANA)	ENTR BR-324(A) → ENTR BR-324(B)/BA-502/503 (FEIRA DE SANTANA)	ENTR BR-324(B)/BA-502/503 (FEIRA DE SANTANA) → ENTR BR-324(A)	8	2	10
19	4	Centro-Oeste	GO	Formosa	BR-020	Federal	020BGO0110	030BGO0110			3,7	22	PAV	ENTR BR-030(A)/GO-116 (P/FORMOSA) - ENTR GO-346 (P/CABEÇEIRAS)	ENTR BR-030(A)/GO-116 (P/FORMOSA)	ENTR GO-346 (P/CABEÇEIRAS)	ENTR BR-030(A)/GO-116 (P/FORMOSA) → ENTR GO-346 (P/CABEÇEIRAS)	ENTR GO-346 (P/CABEÇEIRAS) → ENTR BR-030(A)/GO-116 (P/FORMOSA)	10	2	12
32	4	Sudeste	MG	Belo Horizonte	BR-040	Federal	040BMG0400	356BMG0040			543,8	563,4	DUP	ENTR BR-356(A) (P/BELO HORIZONTE) - ENTR BR-356(B)	ENTR BR-356(A) (P/BELO HORIZONTE)	ENTR BR-356(B)	ENTR BR-356(A) (P/BELO HORIZONTE) → ENTR BR-356(B)	ENTR BR-356(B) → ENTR BR-356(A) (P/BELO HORIZONTE)	10	2	12
40	4	Sudeste	MG	Araxá	BR-262	Federal	262BMG0890				627,8	674,4	PAV	ENTR MG-187 (P/IBIÁ) - ENTR BR-146 (P/ARAXÁ)	ENTR MG-187 (P/IBIÁ)	ENTR BR-146 (P/ARAXÁ)	ENTR MG-187 (P/IBIÁ) → ENTR BR-146 (P/ARAXÁ)	ENTR BR-146 (P/ARAXÁ) → ENTR MG-187 (P/IBIÁ)	8	2	10
45	4	Sudeste	MG	Jaguaraçu	BR-381	Federal	381BMG0230				267,5	286,7	PAV	ENTR MG-425 (CORONEL FABRICIANO) - ENTR MG-320 (P/JAGUARAÇU)	ENTR MG-425 (CORONEL FABRICIANO)	ENTR MG-320 (P/JAGUARAÇU)	ENTR MG-425 (CORONEL FABRICIANO) → ENTR MG-320 (P/JAGUARAÇU)	ENTR MG-320 (P/JAGUARAÇU) → ENTR MG-425 (CORONEL FABRICIANO)	8	2	10
46	4	Sudeste	MG	São Joaquim de Bicas	BR-381	Federal	381BMG0490				501,4	533,5	DUP	ENTR BR-262(B) (BETIM) - ENTR MG-155	ENTR BR-262(B) (BETIM)	ENTR MG-155	ENTR BR-262(B) (BETIM) → ENTR MG-155	ENTR MG-155 → ENTR BR-262(B) (BETIM)	10	2	12
51	4	Centro-Oeste	MS	Bataguassu	BR-267	Federal	267BMS0880				2,5	27,2	PAV	FIM TRAV RIO PARANÁ (PONTE M. JOPPERT) - INCÍO DA PISTA DUPLA	FIM TRAV RIO PARANÁ (PONTE M. JOPPERT)	INCÍO DA PISTA DUPLA	FIM TRAV RIO PARANÁ (PONTE M. JOPPERT) → INCÍO DA PISTA DUPLA	INCÍO DA PISTA DUPLA → FIM TRAV RIO PARANÁ (PONTE M. JOPPERT)	8	2	10
57	4	Nordeste	PB	Campina Grande	BR-230	Federal	230BPB0215	408BPB0010			135,7	148	DUP	ENTR PB-100 (P/GALANTE) - ENTR BR-104(A)/408(B)/PB-095 (CAMPINA GRANDE)	ENTR PB-100 (P/GALANTE)	ENTR BR-104(A)/408(B)/PB-095 (CAMPINA GRANDE)	ENTR PB-100 (P/GALANTE) → ENTR BR-104(A)/408(B)/PB-095 (CAMPINA GRANDE)	ENTR BR-104(A)/408(B)/PB-095 (CAMPINA GRANDE) → ENTR PB-100 (P/GALANTE)	10	2	12
63	4	Nordeste	PI	Picos	BR-230	Federal	230BPI0830	316BPI0480			113,8	148,4	PAV	ENTR BR-407(B)/PI-238/245(B) (PICOS) - ENTR PI-242	ENTR BR-407(B)/PI-238/245(B) (PICOS)	ENTR PI-242	ENTR BR-407(B)/PI-238/245(B) (PICOS) → ENTR PI-242	ENTR PI-242 → ENTR BR-407(B)/PI-238/245(B) (PICOS)	8	2	10
70	4	Sul	PR	Cambará	BR-369	Federal	369BPR0480				4,4	22,3	PAV	FIM PISTA DUPLA - ENTR PR-431 (P/JACAREZINHO)	FIM PISTA DUPLA	ENTR PR-431 (P/JACAREZINHO)	FIM PISTA DUPLA → ENTR PR-431 (P/JACAREZINHO)	ENTR PR-431 (P/JACAREZINHO) → FIM PISTA DUPLA	8	2	10
73	4	Sudeste	RJ	Areal	BR-040	Federal	040BRJ0730				22,5	39	DUP	ENTR BR-393(B) (TREVO MOURA BRASIL) - ENTR BR-492(A) (TREVO P/ AREAL)	ENTR BR-393(B) (TREVO MOURA BRASIL)	ENTR BR-492(A) (TREVO P/ AREAL)	ENTR BR-393(B) (TREVO MOURA BRASIL) → ENTR BR-492(A) (TREVO P/ AREAL)	ENTR BR-492(A) (TREVO P/ AREAL) → ENTR BR-393(B) (TREVO MOURA BRASIL)	10	2	12
75	4	Sudeste	RJ	Resende	BR-116	Federal	116BRJ2130				296,1	310,8	DUP	ENTR RJ-159 (FLORIANO) - ENTR RJ-161 (RESENDE)	ENTR RJ-159 (FLORIANO)	ENTR RJ-161 (RESENDE)	ENTR RJ-159 (FLORIANO) → ENTR RJ-161 (RESENDE)	ENTR RJ-161 (RESENDE) → ENTR RJ-159 (FLORIANO)	10	2	12
76	4	Sudeste	RJ	Itaperuna	BR-356	Federal	356BRJ0310	484BRJ0190			35,3	50,7	PAV	FIM DA PISTA DUPLA (ITAPERUNA) - ENTR BR-393/484(B)/RJ-186	FIM DA PISTA DUPLA (ITAPERUNA)	ENTR BR-393/484(B)/RJ-186	FIM DA PISTA DUPLA (ITAPERUNA) → ENTR BR-393/484(B)/RJ-186	ENTR BR-393/484(B)/RJ-186 → FIM DA PISTA DUPLA (ITAPERUNA)	10	2	12
100	4	Sul	SC	São Cristovão do Sul	BR-470	Federal	470BSC0190				199,6	233,5	PAV	ENTR SC-114(B) (P/OTACÍLIO COSTA) - ENTR BR-116	ENTR SC-114(B) (P/OTACÍLIO COSTA)	ENTR BR-116	ENTR SC-114(B) (P/OTACÍLIO COSTA) → ENTR BR-116	ENTR BR-116 → ENTR SC-114(B) (P/OTACÍLIO COSTA)	8	2	10
107	4	Centro-Oeste	TO	Wanderlândia	BR-153	Federal	153BTO0105				108,2	134,8	PAV	ENTR TO-420 - INICIO PISTA DUPLA ARAGUAINA	ENTR TO-420	INICIO PISTA DUPLA ARAGUAINA	ENTR TO-420 → INICIO PISTA DUPLA ARAGUAINA	INICIO PISTA DUPLA ARAGUAINA → ENTR TO-420	8	2	10
116	4	Sudeste	SP	São Bernardo do Campo	BR-050	Federal	050BSP0770				558,4	569,8	DUP	ENTR SP-148 - ENTR SP-160 (ENTR PISTA INVERSA (A))	ENTR SP-148	ENTR SP-160 (ENTR PISTA INVERSA (A))	ENTR SP-148 → ENTR SP-160 (ENTR PISTA INVERSA (A))	ENTR SP-160 (ENTR PISTA INVERSA (A)) → ENTR SP-148	10	2	12
128	4	Nordeste	BA	Mairi	BR-407	Federal	407BBA0334				278,4	301	PAV	MAIRI - ENTR BR-349	MAIRI	ENTR BR-349	MAIRI → ENTR BR-349	ENTR BR-349 → MAIRI	8	2	10
129	4	Nordeste	BA	Gavião	BR-324	Federal	324BBA0270				380,1	402,5	PAV	GAVIÃO - ENTR BR-349 (NOVA FÁTIMA)	GAVIÃO	ENTR BR-349 (NOVA FÁTIMA)	GAVIÃO → ENTR BR-349 (NOVA FÁTIMA)	ENTR BR-349 (NOVA FÁTIMA) → GAVIÃO	8	2	10
131	4	Nordeste	BA	Caetité	BR-030	Federal	030BBA0290	122BBA0530			254,2	266,5	PAV	ENTR BA-937 (P/PAJEÚ DO VENTO) - ENTR BR-122(B)/430/BA-569 (CAETITÉ)	ENTR BA-937 (P/PAJEÚ DO VENTO)	ENTR BR-122(B)/430/BA-569 (CAETITÉ)	ENTR BA-937 (P/PAJEÚ DO VENTO) → ENTR BR-122(B)/430/BA-569 (CAETITÉ)	ENTR BR-122(B)/430/BA-569 (CAETITÉ) → ENTR BA-937 (P/PAJEÚ DO VENTO)	8	2	10
136	4	Nordeste	CE	Pedra Branca	BR-226	Federal	226BCE0610				183,2	202,1	PAV	ENTR CE-060(B) (MINEIROLÂNDIA) - ENTR CE-168 (PEDRA BRANCA)	ENTR CE-060(B) (MINEIROLÂNDIA)	ENTR CE-168 (PEDRA BRANCA)	ENTR CE-060(B) (MINEIROLÂNDIA) → ENTR CE-168 (PEDRA BRANCA)	ENTR CE-168 (PEDRA BRANCA) → ENTR CE-060(B) (MINEIROLÂNDIA)	10	2	12
137	4	Nordeste	CE	Ibaretama	BR-122	Federal	122BCE0050				53,4	100,1	PAV	ENTR CE-154 (PIRANGI) - ENTR CE-060(A)/265 (QUIXADÁ)	ENTR CE-154 (PIRANGI)	ENTR CE-060(A)/265 (QUIXADÁ)	ENTR CE-154 (PIRANGI) → ENTR CE-060(A)/265 (QUIXADÁ)	ENTR CE-060(A)/265 (QUIXADÁ) → ENTR CE-154 (PIRANGI)	10	2	12
141	4	Sudeste	ES	São Mateus	BR-101	Federal	101BES2130				65,6	94,2	PAV	ENTR BR-381 (SÃO MATEUS) - ENTR ES-430 (P/JAGUARÉ)	ENTR BR-381 (SÃO MATEUS)	ENTR ES-430 (P/JAGUARÉ)	ENTR BR-381 (SÃO MATEUS) → ENTR ES-430 (P/JAGUARÉ)	ENTR ES-430 (P/JAGUARÉ) → ENTR BR-381 (SÃO MATEUS)	8	2	10
142	4	Sudeste	ES	Nova Venécia	BR-342	Federal	342BES0300				120,9	125,9	PAV	ENTR ES-137 - ENTR ES-130 (P/NOVA VENÉCIA)	ENTR ES-137	ENTR ES-130 (P/NOVA VENÉCIA)	ENTR ES-137 → ENTR ES-130 (P/NOVA VENÉCIA)	ENTR ES-130 (P/NOVA VENÉCIA) → ENTR ES-137	8	2	10
144	4	Sudeste	ES	Cachoeiro de Itapemirim	BR-482	Federal	482BES0030				32,4	38,8	PAV	MORRO GRANDE (ACESSO IV C. ITAPEMIRIM) - ENTR ES-166 (COUTINHO)	MORRO GRANDE (ACESSO IV C. ITAPEMIRIM)	ENTR ES-166 (COUTINHO)	MORRO GRANDE (ACESSO IV C. ITAPEMIRIM) → ENTR ES-166 (COUTINHO)	ENTR ES-166 (COUTINHO) → MORRO GRANDE (ACESSO IV C. ITAPEMIRIM)	8	2	10
145	4	Sudeste	MG	Conselheiro Pena	BR-259	Federal	259BMG0130				43,1	85	PAV	ENTR MG-422 (RESPLENDOR) - ENTR BR-458 (CONSELHEIRO PENA)	ENTR MG-422 (RESPLENDOR)	ENTR BR-458 (CONSELHEIRO PENA)	ENTR MG-422 (RESPLENDOR) → ENTR BR-458 (CONSELHEIRO PENA)	ENTR BR-458 (CONSELHEIRO PENA) → ENTR MG-422 (RESPLENDOR)	8	2	10
149	4	Centro-Oeste	GO	Luziânia	BR-040	Federal	040BGO0050	050BGO0050			24,1	95,7	PAV	ENTR GO-010 (P/LUZIÂNIA) - ENTR BR-050(B)/354/457/GO-309 (CRISTALINA)	ENTR GO-010 (P/LUZIÂNIA)	ENTR BR-050(B)/354/457/GO-309 (CRISTALINA)	ENTR GO-010 (P/LUZIÂNIA) → ENTR BR-050(B)/354/457/GO-309 (CRISTALINA)	ENTR BR-050(B)/354/457/GO-309 (CRISTALINA) → ENTR GO-010 (P/LUZIÂNIA)	8	2	10
151	4	Centro-Oeste	GO	Pirenópolis	BR-153	Federal	153BGO0550				378,1	403	PAV	ENTR GO-080(B) (P/SAO FRANCISCO DE GOIÁS) - ENTR GO-431 (P/PIRENOPOLIS)	ENTR GO-080(B) (P/SAO FRANCISCO DE GOIÁS)	ENTR GO-431 (P/PIRENOPOLIS)	ENTR GO-080(B) (P/SAO FRANCISCO DE GOIÁS) → ENTR GO-431 (P/PIRENOPOLIS)	ENTR GO-431 (P/PIRENOPOLIS) → ENTR GO-080(B) (P/SAO FRANCISCO DE GOIÁS)	10	2	12
154	4	Centro-Oeste	GO	Itumbiara	BR-452	Federal	452BGO0050				134,5	181,4	PAV	ENTR GO-040 - ENTR BR-154(A)/483(A)/GO-206(A) (P/CACHOEIRA DOURADA)	ENTR GO-040	ENTR BR-154(A)/483(A)/GO-206(A) (P/CACHOEIRA DOURADA)	ENTR GO-040 → ENTR BR-154(A)/483(A)/GO-206(A) (P/CACHOEIRA DOURADA)	ENTR BR-154(A)/483(A)/GO-206(A) (P/CACHOEIRA DOURADA) → ENTR GO-040	8	2	10
159	4	Nordeste	MA	Satubinha	BR-316	Federal	316BMA0300				271,2	297,9	PAV	ENTR BR-222(B) (ESTACA ZERO) - ENTR MA-240 (PIO XII)	ENTR BR-222(B) (ESTACA ZERO)	ENTR MA-240 (PIO XII)	ENTR BR-222(B) (ESTACA ZERO) → ENTR MA-240 (PIO XII)	ENTR MA-240 (PIO XII) → ENTR BR-222(B) (ESTACA ZERO)	8	2	10
162	4	Sudeste	MG	Fruta de Leite	BR-251	Federal	251BMG0240				314,2	349,8	PAV	ENTR BR-342/MG-404 (SALINAS) - RIO VACARIA	ENTR BR-342/MG-404 (SALINAS)	RIO VACARIA	ENTR BR-342/MG-404 (SALINAS) → RIO VACARIA	RIO VACARIA → ENTR BR-342/MG-404 (SALINAS)	8	2	10
171	4	Sudeste	MG	Uberlândia	BR-365	Federal	365BMG0310	452BMG0150			617,8	653,8	EOD	ENTR BR-050(B)/455/497 (UBERLÂNDIA) - ENTR BR-452(B)	ENTR BR-050(B)/455/497 (UBERLÂNDIA)	ENTR BR-452(B)	ENTR BR-050(B)/455/497 (UBERLÂNDIA) → ENTR BR-452(B)	ENTR BR-452(B) → ENTR BR-050(B)/455/497 (UBERLÂNDIA)	8	2	10
172	4	Sudeste	MG	Santa Juliana	BR-452	Federal	452BMG0230				202,3	224,4	PAV	ENTR MG-190 (P/NOVA PONTE) - ACESSO SANTA JULIANA	ENTR MG-190 (P/NOVA PONTE)	ACESSO SANTA JULIANA	ENTR MG-190 (P/NOVA PONTE) → ACESSO SANTA JULIANA	ACESSO SANTA JULIANA → ENTR MG-190 (P/NOVA PONTE)	8	2	10
174	4	Sudeste	MG	São Pedro do Suaçuí	BR-120	Federal	120BMG0110				232	263,3	PAV	ENTR BR-451(B)/MG-416 (P/SÃO PEDRO DO SUAÇUÍ) - ENTR MG-117 (SÃO JOÃO EVANGELISTA)	ENTR BR-451(B)/MG-416 (P/SÃO PEDRO DO SUAÇUÍ)	ENTR MG-117 (SÃO JOÃO EVANGELISTA)	ENTR BR-451(B)/MG-416 (P/SÃO PEDRO DO SUAÇUÍ) → ENTR MG-117 (SÃO JOÃO EVANGELISTA)	ENTR MG-117 (SÃO JOÃO EVANGELISTA) → ENTR BR-451(B)/MG-416 (P/SÃO PEDRO DO SUAÇUÍ)	8	2	10
175	4	Sudeste	MG	São João do Manhuaçu	BR-116	Federal	116BMG1310				609,1	637	PAV	TREVO DE ACESSO SÃO JOÃO DO MANHUAÇU - ENTR MG-265 (P/DIVINO)	TREVO DE ACESSO SÃO JOÃO DO MANHUAÇU	ENTR MG-265 (P/DIVINO)	TREVO DE ACESSO SÃO JOÃO DO MANHUAÇU → ENTR MG-265 (P/DIVINO)	ENTR MG-265 (P/DIVINO) → TREVO DE ACESSO SÃO JOÃO DO MANHUAÇU	8	2	10
176	4	Sudeste	ES	Ibatiba	BR-262	Federal	262BES0210				169,2	196,4	PAV	ENTR ES-185(B) (P/IÚNA) - DIV ES/MG	ENTR ES-185(B) (P/IÚNA)	DIV ES/MG	ENTR ES-185(B) (P/IÚNA) → DIV ES/MG	DIV ES/MG → ENTR ES-185(B) (P/IÚNA)	8	2	10
179	4	Sudeste	MG	Muriaé	BR-116	Federal	116BMG1370				704,2	738,1	PAV	ENTR BR-265/356 (MURIAÉ) - ENTR MG-285 (LARANJAL)	ENTR BR-265/356 (MURIAÉ)	ENTR MG-285 (LARANJAL)	ENTR BR-265/356 (MURIAÉ) → ENTR MG-285 (LARANJAL)	ENTR MG-285 (LARANJAL) → ENTR BR-265/356 (MURIAÉ)	8	2	10
181	4	Sudeste	MG	Três Marias	BR-040	Federal	040BMG0195				310,9	339,7	PAV	ACESSO MORADA NOVA DE MINAS - ACESSO SÃO JOSÉ DO BURITI	ACESSO MORADA NOVA DE MINAS	ACESSO SÃO JOSÉ DO BURITI	ACESSO MORADA NOVA DE MINAS → ACESSO SÃO JOSÉ DO BURITI	ACESSO SÃO JOSÉ DO BURITI → ACESSO MORADA NOVA DE MINAS	8	2	10
182	4	Sudeste	MG	Gouveia	BR-259	Federal	259BMG0330				456,9	534,4	PAV	ENTR BR-367(B) (GOUVEIA) - ACESSO NOSSA SENHORA DA GLÓRIA	ENTR BR-367(B) (GOUVEIA)	ACESSO NOSSA SENHORA DA GLÓRIA	ENTR BR-367(B) (GOUVEIA) → ACESSO NOSSA SENHORA DA GLÓRIA	ACESSO NOSSA SENHORA DA GLÓRIA → ENTR BR-367(B) (GOUVEIA)	8	2	10
183	4	Sudeste	MG	Frutal	BR-153	Federal	153BMG0910	262BMG1070			203,3	239,9	PAV	ENTR MG-255 - ENTR BR-262(B) (DIV MG/SP)	ENTR MG-255	ENTR BR-262(B) (DIV MG/SP)	ENTR MG-255 → ENTR BR-262(B) (DIV MG/SP)	ENTR BR-262(B) (DIV MG/SP) → ENTR MG-255	10	2	12
186	4	Sudeste	MG	Campos Gerais	BR-369	Federal	369BMG0070				120,5	145,2	PAV	ENTR BR-265(B) - CAMPOS GERAIS	ENTR BR-265(B)	CAMPOS GERAIS	ENTR BR-265(B) → CAMPOS GERAIS	CAMPOS GERAIS → ENTR BR-265(B)	8	2	10
188	4	Sudeste	MG	São João Del Rei	BR-265	Federal	265BMG0190				198,5	245,3	PAV	ENTR MG-135/338 (BARBACENA) - ACESSO TIRADENTES	ENTR MG-135/338 (BARBACENA)	ACESSO TIRADENTES	ENTR MG-135/338 (BARBACENA) → ACESSO TIRADENTES	ACESSO TIRADENTES → ENTR MG-135/338 (BARBACENA)	8	2	10
189	4	Sudeste	MG	Três CoraçõEs	BR-381	Federal	381BMG0670				690,9	754,9	DUP	ENTR BR-265 (LAVRAS) - ENTR MG-167(A) (P/TRÊS CORAÇÕES)	ENTR BR-265 (LAVRAS)	ENTR MG-167(A) (P/TRÊS CORAÇÕES)	ENTR BR-265 (LAVRAS) → ENTR MG-167(A) (P/TRÊS CORAÇÕES)	ENTR MG-167(A) (P/TRÊS CORAÇÕES) → ENTR BR-265 (LAVRAS)	10	2	12
191	4	Sudeste	MG	Oliveira	BR-381	Federal	381BMG0590				591,8	620	DUP	ENTR MG-270 (CARMÓPOLIS DE MINAS) - ENTR BR-494(A) (P/OLIVEIRA)	ENTR MG-270 (CARMÓPOLIS DE MINAS)	ENTR BR-494(A) (P/OLIVEIRA)	ENTR MG-270 (CARMÓPOLIS DE MINAS) → ENTR BR-494(A) (P/OLIVEIRA)	ENTR BR-494(A) (P/OLIVEIRA) → ENTR MG-270 (CARMÓPOLIS DE MINAS)	10	2	12
197	4	Sudeste	MG	Monte Alegre de Minas	BR-153	Federal	153BMG0830				58	108,1	PAV	ENTR BR-365 (P/MONTE ALEGRE DE MINAS) - ENTR BR-464/497 (P/PRATA)	ENTR BR-365 (P/MONTE ALEGRE DE MINAS)	ENTR BR-464/497 (P/PRATA)	ENTR BR-365 (P/MONTE ALEGRE DE MINAS) → ENTR BR-464/497 (P/PRATA)	ENTR BR-464/497 (P/PRATA) → ENTR BR-365 (P/MONTE ALEGRE DE MINAS)	8	2	10
199	4	Sudeste	MG	São Domingos do Prata	BR-262	Federal	262BMG0370				147,9	172,2	PAV	ENTR MG-320 (P/SÃO JOSÉ DO GOIABAL) - ENTR BR-120 (VARGEM LINDA)	ENTR MG-320 (P/SÃO JOSÉ DO GOIABAL)	ENTR BR-120 (VARGEM LINDA)	ENTR MG-320 (P/SÃO JOSÉ DO GOIABAL) → ENTR BR-120 (VARGEM LINDA)	ENTR BR-120 (VARGEM LINDA) → ENTR MG-320 (P/SÃO JOSÉ DO GOIABAL)	8	2	10
200	4	Sudeste	MG	Governador Valadares	BR-381	Federal	381BMG0170				164,1	203,4	PAV	ACESSO À GOV. VALADARES - PERIQUITO	ACESSO À GOV. VALADARES	PERIQUITO	ACESSO À GOV. VALADARES → PERIQUITO	PERIQUITO → ACESSO À GOV. VALADARES	8	2	10
202	4	Sudeste	MG	São Sebastião do Oeste	BR-494	Federal	494BMG0050				34,8	71,1	PAV	ENTR MG-050(B) (P/DIVINOPÓLIS) - ENTR MG-260 (P/CLÁUDIO)	ENTR MG-050(B) (P/DIVINOPÓLIS)	ENTR MG-260 (P/CLÁUDIO)	ENTR MG-050(B) (P/DIVINOPÓLIS) → ENTR MG-260 (P/CLÁUDIO)	ENTR MG-260 (P/CLÁUDIO) → ENTR MG-050(B) (P/DIVINOPÓLIS)	8	2	10
213	4	Sudeste	SP	Presidente Prudente	BR-374	Federal	374BSP0050				55,2	59,5	DUP	ENTR SP-425 (PRESIDENTE PRUDENTE) - ENTR SP-425	ENTR SP-425 (PRESIDENTE PRUDENTE)	ENTR SP-425	ENTR SP-425 (PRESIDENTE PRUDENTE) → ENTR SP-425	ENTR SP-425 → ENTR SP-425 (PRESIDENTE PRUDENTE)	10	2	12
215	4	Centro-Oeste	MT	Cuiabá	BR-070	Federal	070BMT0435	364BMT0765	163BMT0680		453,5	490	PAV	FIM VARIANTE II SERRA DE SÃO VICENTE - ACESSO DISTRITO INDUSTRIAL	FIM VARIANTE II SERRA DE SÃO VICENTE	ACESSO DISTRITO INDUSTRIAL	FIM VARIANTE II SERRA DE SÃO VICENTE → ACESSO DISTRITO INDUSTRIAL	ACESSO DISTRITO INDUSTRIAL → FIM VARIANTE II SERRA DE SÃO VICENTE	8	2	10
219	4	Nordeste	PE	São José do Egito	BR-110	Federal	110BPE0280				14,4	24,6	PAV	ENTR PE-263 (P/ITAPETIM) - ENTR PE-320 (SÃO JOSÉ DO EGITO)	ENTR PE-263 (P/ITAPETIM)	ENTR PE-320 (SÃO JOSÉ DO EGITO)	ENTR PE-263 (P/ITAPETIM) → ENTR PE-320 (SÃO JOSÉ DO EGITO)	ENTR PE-320 (SÃO JOSÉ DO EGITO) → ENTR PE-263 (P/ITAPETIM)	10	2	12
221	4	Nordeste	AL	Delmiro Gouveia	BR-110	Federal	110BAL0530				0	11,9	PAV	DIV PE/AL - ENTR BR-423(A)	DIV PE/AL	ENTR BR-423(A)	DIV PE/AL → ENTR BR-423(A)	ENTR BR-423(A) → DIV PE/AL	8	2	10
229	4	Nordeste	MA	Sucupira do Riachão	BR-135	Federal	135BMA0330	230BMA0950			536,1	571,9	PAV	ENTR MA-034 (SÃO JOÃO DOS PATOS) - ENTR BR-230(B)/MA-364(A) (DOIS IRMÃOS)	ENTR MA-034 (SÃO JOÃO DOS PATOS)	ENTR BR-230(B)/MA-364(A) (DOIS IRMÃOS)	ENTR MA-034 (SÃO JOÃO DOS PATOS) → ENTR BR-230(B)/MA-364(A) (DOIS IRMÃOS)	ENTR BR-230(B)/MA-364(A) (DOIS IRMÃOS) → ENTR MA-034 (SÃO JOÃO DOS PATOS)	8	2	10
230	4	Nordeste	PI	Amarante	BR-343	Federal	343BPI0290				504,3	552,1	PAV	ENTR PI-130 (P/AMARANTE) - ENTR PI-120	ENTR PI-130 (P/AMARANTE)	ENTR PI-120	ENTR PI-130 (P/AMARANTE) → ENTR PI-120	ENTR PI-120 → ENTR PI-130 (P/AMARANTE)	8	2	10
231	4	Sudeste	SP	Guapiara	BR-373	Federal	373BSP0210				250	307,8	PAV	ENTR SP-252 (GUAPIARA) - ENTR SP-165/249 (APIAÍ)	ENTR SP-252 (GUAPIARA)	ENTR SP-165/249 (APIAÍ)	ENTR SP-252 (GUAPIARA) → ENTR SP-165/249 (APIAÍ)	ENTR SP-165/249 (APIAÍ) → ENTR SP-252 (GUAPIARA)	8	2	10
238	4	Sudeste	SP	São Pedro do Turvo	BR-153	Federal	153BSP1140				280,4	303	PAV	ENTR SP-331(A) - ENTR SP-331(B)	ENTR SP-331(A)	ENTR SP-331(B)	ENTR SP-331(A) → ENTR SP-331(B)	ENTR SP-331(B) → ENTR SP-331(A)	8	2	10
239	4	Sudeste	SP	Santa Cruz do Rio Pardo	BR-374	Federal	374BSP0230				272,6	300	DUP	ENTR BR-369 - ENTR SP-261 (P/ÁGUAS DE SANTA BÁRBARA)	ENTR BR-369	ENTR SP-261 (P/ÁGUAS DE SANTA BÁRBARA)	ENTR BR-369 → ENTR SP-261 (P/ÁGUAS DE SANTA BÁRBARA)	ENTR SP-261 (P/ÁGUAS DE SANTA BÁRBARA) → ENTR BR-369	10	2	12
251	4	Sudeste	RJ	Teresópolis	BR-116	Federal	116BRJ1530				40	56,1	PAV	ENTR RJ-156 (P/VOLTA DO PIÃO) - ENTR BR-492(A)	ENTR RJ-156 (P/VOLTA DO PIÃO)	ENTR BR-492(A)	ENTR RJ-156 (P/VOLTA DO PIÃO) → ENTR BR-492(A)	ENTR BR-492(A) → ENTR RJ-156 (P/VOLTA DO PIÃO)	8	2	10
259	4	Norte	RO	Presidente Médici	BR-429	Federal	429BRO0031				53	76,5	PAV	ENTR RO-135 (P/NOVA LONDRINA) - FIM DO TRECHO PAVIMENTADO	ENTR RO-135 (P/NOVA LONDRINA)	FIM DO TRECHO PAVIMENTADO	ENTR RO-135 (P/NOVA LONDRINA) → FIM DO TRECHO PAVIMENTADO	FIM DO TRECHO PAVIMENTADO → ENTR RO-135 (P/NOVA LONDRINA)	8	2	10
260	4	Norte	RO	Cacoal	BR-364	Federal	364BRO1148				245,5	274,3	PAV	ENTR RO-471 (P/MINISTRO ANDREAZZA) - ENTR RO-479(A) (P/ROLIM DE MOURA)	ENTR RO-471 (P/MINISTRO ANDREAZZA)	ENTR RO-479(A) (P/ROLIM DE MOURA)	ENTR RO-471 (P/MINISTRO ANDREAZZA) → ENTR RO-479(A) (P/ROLIM DE MOURA)	ENTR RO-479(A) (P/ROLIM DE MOURA) → ENTR RO-471 (P/MINISTRO ANDREAZZA)	8	2	10
282	4	Sudeste	SP	Itapetininga	BR-272	Federal	272BSP0130	373BSP0130			148,3	159	DUP	ENTR BR-373(A) (ITAPETININGA) - ENTR BR-373(B)	ENTR BR-373(A) (ITAPETININGA)	ENTR BR-373(B)	ENTR BR-373(A) (ITAPETININGA) → ENTR BR-373(B)	ENTR BR-373(B) → ENTR BR-373(A) (ITAPETININGA)	10	2	12
284	4	Sudeste	SP	Jaci	BR-153	Federal	153BSP1010				75,6	99,8	PAV	ENTR SP-355 - ENTR SP-425	ENTR SP-355	ENTR SP-425	ENTR SP-355 → ENTR SP-425	ENTR SP-425 → ENTR SP-355	8	2	10
285	4	Sudeste	SP	Araraquara	BR-267	Federal	267BSP0610	364BSP0110			190,6	206,1	DUP	ENTR SP-255 (ARARAQUARA) - ENTR BR-364(B)	ENTR SP-255 (ARARAQUARA)	ENTR BR-364(B)	ENTR SP-255 (ARARAQUARA) → ENTR BR-364(B)	ENTR BR-364(B) → ENTR SP-255 (ARARAQUARA)	10	2	12
286	4	Sudeste	SP	Rinópolis	BR-267	Federal	267BSP0783				479,5	491,2	PAV	ACESSO RINÓPOLIS - ENTR SP-294 (PARAPUÃ)	ACESSO RINÓPOLIS	ENTR SP-294 (PARAPUÃ)	ACESSO RINÓPOLIS → ENTR SP-294 (PARAPUÃ)	ENTR SP-294 (PARAPUÃ) → ACESSO RINÓPOLIS	8	2	10
294	4	Centro-Oeste	GO	Indiara	BR-060	Federal	060BGO0210				226,6	252,7	EOD	ENTR GO-217 (P/MAIRIPOTABA) - ENTR GO-320 (INDIARA)	ENTR GO-217 (P/MAIRIPOTABA)	ENTR GO-320 (INDIARA)	ENTR GO-217 (P/MAIRIPOTABA) → ENTR GO-320 (INDIARA)	ENTR GO-320 (INDIARA) → ENTR GO-217 (P/MAIRIPOTABA)	8	2	10
