66	6	2	-12127879	-38397376	Nordeste	BA	Alagoinhas	BR-110	 	110BBA0750	327,50	340,70	PAV	SIMPLES	ENTR BR-101(A) - ENTR BR-101(B) (P/ALAGOINHAS)	BR-101	Federal	101BBA1470	110BBA0750			97,3	110,5	PAV	ENTR BR-110(A) - ENTR BR-110(B)/BA-504 (P/ALAGOINHAS)	ENTR BR-110(A)	ENTR BR-110(B)/BA-504 (P/ALAGOINHAS)	ENTR BR-110(A) → ENTR BR-110(B)/BA-504 (P/ALAGOINHAS)	ENTR BR-110(B)/BA-504 (P/ALAGOINHAS) → ENTR BR-110(A)	8	4	12
65	11	2	-10358928	-40163943	Nordeste	BA	Senhor do Bonfim	BR-407	Federal	407BBA0300	102,60	129,20	PAV	SIMPLES	JAGUARARI - ENTR BA-220 (SENHOR DO BONFIM)	BR-407	Federal	407BBA0300				102,6	129,2	PAV	JAGUARARI - ENTR BA-220 (SENHOR DO BONFIM)	JAGUARARI	ENTR BA-220 (SENHOR DO BONFIM)	JAGUARARI → ENTR BA-220 (SENHOR DO BONFIM)	ENTR BA-220 (SENHOR DO BONFIM) → JAGUARARI	8	4	12
89	14	2	-6396233	-38831351	Nordeste	CE	Icó	BR-116	Federal	116BCE0250	318,30	375,60	PAV	SIMPLES	ENTR BR-226(B)/CE-275(B) (P/PEREIRO) - ENTR BR-404/434 (ICA)	BR-116	Federal	116BCE0260				318,3	375,6	PAV	ENTR BR-226(B)/CE-275(B) (P/PEREIRO) - ENTR BR-404/434 (ICÓ)	ENTR BR-226(B)/CE-275(B) (P/PEREIRO)	ENTR BR-404/434 (ICÓ)	ENTR BR-226(B)/CE-275(B) (P/PEREIRO) → ENTR BR-404/434 (ICÓ)	ENTR BR-404/434 (ICÓ) → ENTR BR-226(B)/CE-275(B) (P/PEREIRO)	8	4	12
51	15	2	-19429442	-40085766	Sudeste	ES	Linhares	BR-101	Federal	101BES2195	151,70	159,20	PAV	SIMPLES	ENTR ES-245(B) - ENTR ES-440	BR-101	Federal	101BES2195				151,7	159,2	PAV	ENTR ES-245(B) - ENTR ES-440	ENTR ES-245(B)	ENTR ES-440	ENTR ES-245(B) → ENTR ES-440	ENTR ES-440 → ENTR ES-245(B)	8	4	12
48	18	2	-19598110	-40509470	Sudeste	ES	Colatina	BR-259	Federal	259BES0015	15,30	49,10	PAV	SIMPLES	KM 15,3 - ENTR BR-484 (P/PONTE SOBRE RIO DOCE)	BR-259	Federal	259BES0015				15,3	49,1	PAV	KM 15,3 - ENTR BR-484 (P/PONTE SOBRE RIO DOCE)	KM 15,3	ENTR BR-484 (P/PONTE SOBRE RIO DOCE)	KM 15,3 → ENTR BR-484 (P/PONTE SOBRE RIO DOCE)	ENTR BR-484 (P/PONTE SOBRE RIO DOCE) → KM 15,3	8	4	12
61	20	2	-16993830	-47749070	Centro-Oeste	GO	Ipameri	BR-50	Federal	050BGO0090	125,20	154,50	PAV	SIMPLES	ENTR BR-457(B)/GO-219 - ENTR GO-020(A)	BR-050	Federal	050BGO0090				125,2	154,5	PAV	ENTR BR-457(B)/GO-219 - ENTR GO-020(A)	ENTR BR-457(B)/GO-219	ENTR GO-020(A)	ENTR BR-457(B)/GO-219 → ENTR GO-020(A)	ENTR GO-020(A) → ENTR BR-457(B)/GO-219	8	4	12
59	21	2	-16345570	-48901425	Centro-Oeste	GO	Anápolis	BR-60	Federal	060BGO0112	61.80	94.20	DUP	DUPLA	ENTR GO-338 (ABADIENIA - FIM TRAVESSIA URBANA) - ENTR BR-153(A) (P/ANIPOLIS)	BR-060	Federal	060BGO0112				61,8	94,2	DUP	ENTR GO-338 (ABADIÂNIA - FIM TRAVESSIA URBANA) - ENTR BR-153(A) (P/ANÁPOLIS)	ENTR GO-338 (ABADIÂNIA - FIM TRAVESSIA URBANA)	ENTR BR-153(A) (P/ANÁPOLIS)	ENTR GO-338 (ABADIÂNIA - FIM TRAVESSIA URBANA) → ENTR BR-153(A) (P/ANÁPOLIS)	ENTR BR-153(A) (P/ANÁPOLIS) → ENTR GO-338 (ABADIÂNIA - FIM TRAVESSIA URBANA)	8	4	12
46	23	2	-18416397	-49195393	Sudeste	MG	Araporã	BR-153	Federal	153BGO0770	696,70	703,60	DUP	DUPLA	ENTR BR-154/452(A)/483 - ENTR BR-452(B) (DIV GO/MG) (ITUMBIARA)	BR-153	Federal	153BGO0770	452BGO0090			696,7	703,6	DUP	ENTR BR-154/452(A)/483 - ENTR BR-452(B) (DIV GO/MG) (ITUMBIARA)	ENTR BR-154/452(A)/483	ENTR BR-452(B) (DIV GO/MG) (ITUMBIARA)	ENTR BR-154/452(A)/483 → ENTR BR-452(B) (DIV GO/MG) (ITUMBIARA)	ENTR BR-452(B) (DIV GO/MG) (ITUMBIARA) → ENTR BR-154/452(A)/483	8	4	12
60	24	2	-17898170	-51825752	Centro-Oeste	GO	Jataí	BR-364	Federal	364BGO0510	201,00	235,50	PAV	SIMPLES	ENTR BR-060(B)/158(B)/GO-184(B) (P/ESTREITO) - ENTR GO-050(B)	BR-364	Federal	364BGO0510				201	235,5	PAV	ENTR BR-060(B)/158(B)/GO-184(B) (P/ESTREITO) - ENTR GO-050(B)	ENTR BR-060(B)/158(B)/GO-184(B) (P/ESTREITO)	ENTR GO-050(B)	ENTR BR-060(B)/158(B)/GO-184(B) (P/ESTREITO) → ENTR GO-050(B)	ENTR GO-050(B) → ENTR BR-060(B)/158(B)/GO-184(B) (P/ESTREITO)	8	4	12
80	25	2	-2792330	-44371550	Nordeste	MA	Bacabeira	BR-135	Federal	135BMA0050	23,70	51,00	PAV	SIMPLES	FIM DA DUPLICA (O - ENTR BR-402/MA-110 (BACABEIRA)	BR-135	Federal	135BMA0050				23,7	51	PAV	FIM DA DUPLICAÇÃO - ENTR BR-402/MA-110 (BACABEIRA)	FIM DA DUPLICAÇÃO	ENTR BR-402/MA-110 (BACABEIRA)	FIM DA DUPLICAÇÃO → ENTR BR-402/MA-110 (BACABEIRA)	ENTR BR-402/MA-110 (BACABEIRA) → FIM DA DUPLICAÇÃO	8	4	12
84	28	2	-16635147	-43707854	Sudeste	MG	Francisco Sá	BR-122	Federal	122BMG0670	259,60	281,00	PAV	SIMPLES	ENTR BR-251(A) (CANACO) - ENTR BR-135/251(B)/308/365 (MONTES CLAROS)	BR-122	Federal	122BMG0670	251BMG0290			259,6	281	PAV	ENTR BR-251(A) (CANACÍ) - ENTR BR-135/251(B)/308/365 (MONTES CLAROS)	ENTR BR-251(A) (CANACÍ)	ENTR BR-135/251(B)/308/365 (MONTES CLAROS)	ENTR BR-251(A) (CANACÍ) → ENTR BR-135/251(B)/308/365 (MONTES CLAROS)	ENTR BR-135/251(B)/308/365 (MONTES CLAROS) → ENTR BR-251(A) (CANACÍ)	8	4	12
32	30	2	-17748343	-46172385	Sudeste	MG	João Pinheiro	BR-40	Concedida Federal	040BMG0130	118,90	145,20	PAV	SIMPLES	ENTR MG-410 (P/PONTO DIAMANTE) - ENTR MG-181 (JODO PINHEIRO)	BR-040	Federal	040BMG0130				118,9	145,2	PAV	ENTR MG-410 (P/PONTO DIAMANTE) - ENTR MG-181 (JOÃO PINHEIRO)	ENTR MG-410 (P/PONTO DIAMANTE)	ENTR MG-181 (JOÃO PINHEIRO)	ENTR MG-410 (P/PONTO DIAMANTE) → ENTR MG-181 (JOÃO PINHEIRO)	ENTR MG-181 (JOÃO PINHEIRO) → ENTR MG-410 (P/PONTO DIAMANTE)	8	4	12
30	34	2	-19050835	-48191490	Sudeste	MG	Uberlândia	BR-50	Federal	050BMG0250	74,00	133,30	DUP	DUPLA	ENTR BR-365(B)/452(B) - RIO TIJUCO	BR-050	Federal	050BMG0250				74	133,3	DUP	ENTR BR-365(B)/452(B) - RIO TIJUCO	ENTR BR-365(B)/452(B)	RIO TIJUCO	ENTR BR-365(B)/452(B) → RIO TIJUCO	RIO TIJUCO → ENTR BR-365(B)/452(B)	8	4	12
43	35	2	-17889826	-41529193	Sudeste	MG	Teófilo Otoni	BR-116	Federal	116BMG1130	276,10	306,50	PAV	SIMPLES	ENTR BR-342(B)/418/MG-217 (RIB STO ANT NIO) (TERFILO OTONI) - ACESSO ITAMBACURI	BR-116	Federal	116BMG1130				276,1	306,5	PAV	ENTR BR-342(B)/418/MG-217 (RIB STO ANTÔNIO) (TEÓFILO OTONI) - ACESSO ITAMBACURI	ENTR BR-342(B)/418/MG-217 (RIB STO ANTÔNIO) (TEÓFILO OTONI)	ACESSO ITAMBACURI	ENTR BR-342(B)/418/MG-217 (RIB STO ANTÔNIO) (TEÓFILO OTONI) → ACESSO ITAMBACURI	ACESSO ITAMBACURI → ENTR BR-342(B)/418/MG-217 (RIB STO ANTÔNIO) (TEÓFILO OTONI)	8	4	12
44	36	2	-19855048	-42141178	Sudeste	MG	Santa Rita de Minas	BR-116	Federal	116BMG1280	529,40	563,40	PAV	SIMPLES	FIM PISTA DUPLA - DOM CORRCA	BR-116	Federal	116BMG1280				529,4	563,4	PAV	FIM PISTA DUPLA - DOM CORRÊA	FIM PISTA DUPLA	DOM CORRÊA	FIM PISTA DUPLA → DOM CORRÊA	DOM CORRÊA → FIM PISTA DUPLA	8	4	12
31	39	2	-19794880	-48962383	Sudeste	MG	Comendador Gomes	BR-153	Federal	153BMG0870	165,70	190,30	PAV	SIMPLES	ENTR BR-364(A)/262(A) (P/COMENDADOR GOMES) - ENTR BR-364(B)/262(B) (P/FRUTAL)	BR-153	Federal	153BMG0870	364BMG0290	262BMG1050		165,7	190,3	PAV	ENTR BR-364(A)/262(A) (P/COMENDADOR GOMES) - ENTR BR-364(B)/262(B) (P/FRUTAL)	ENTR BR-364(A)/262(A) (P/COMENDADOR GOMES)	ENTR BR-364(B)/262(B) (P/FRUTAL)	ENTR BR-364(A)/262(A) (P/COMENDADOR GOMES) → ENTR BR-364(B)/262(B) (P/FRUTAL)	ENTR BR-364(B)/262(B) (P/FRUTAL) → ENTR BR-364(A)/262(A) (P/COMENDADOR GOMES)	8	4	12
34	42	2	-18983501	-46307595	Sudeste	MG	Carmo do Paranaíba	BR-352	Federal	352BMG0220	230.20	242.20	PAV	SIMPLES	ACESSO CARMO DO PARANAIBA - ENTR MG-230	BR-352	Federal	352BMG0220	354BMG0140			230,2	242,2	PAV	ACESSO CARMO DO PARANAIBA - ENTR MG-230	ACESSO CARMO DO PARANAIBA	ENTR MG-230	ACESSO CARMO DO PARANAIBA → ENTR MG-230	ENTR MG-230 → ACESSO CARMO DO PARANAIBA	8	4	12
69	50	2	-20762440	-51917300	Centro-Oeste	MS	Três Lagoas	BR-262	Federal	262BMS1290	11.80	47.80	PAV	SIMPLES	ENTR BR-158(B)/MS-395 (P/BRASILNNDIA) - ENTR MS-453/459 (P/ARAPU))	BR-262	Federal	262BMS1290				11,8	47,8	PAV	ENTR BR-158(B)/MS-395 (P/BRASILÂNDIA) - ENTR MS-453/459 (P/ARAPUÁ)	ENTR BR-158(B)/MS-395 (P/BRASILÂNDIA)	ENTR MS-453/459 (P/ARAPUÁ)	ENTR BR-158(B)/MS-395 (P/BRASILÂNDIA) → ENTR MS-453/459 (P/ARAPUÁ)	ENTR MS-453/459 (P/ARAPUÁ) → ENTR BR-158(B)/MS-395 (P/BRASILÂNDIA)	8	4	12
100	61	2	-8050897	-39093650	Nordeste	PE	Salgueiro	BR-232	Federal	232BPE0420	490,70	509,60	PAV	SIMPLES	ENTR PE-450 (P/VERDEJANTE) - ENTR BR-116/361 (SALGUEIRO)	BR-232	Federal	232BPE0420				490,7	509,6	PAV	ENTR PE-450 (P/VERDEJANTE) - ENTR BR-116/361 (SALGUEIRO)	ENTR PE-450 (P/VERDEJANTE)	ENTR BR-116/361 (SALGUEIRO)	ENTR PE-450 (P/VERDEJANTE) → ENTR BR-116/361 (SALGUEIRO)	ENTR BR-116/361 (SALGUEIRO) → ENTR PE-450 (P/VERDEJANTE)	8	4	12
13	96	2	-27137060	-50460170	Sul	SC	Ponte Alta do Norte	BR-116	Federal	116BSC2910	142,90	179,80	PAV	SIMPLES	ENTR SC-352(B) (P/TAI ) - SRO CRISTOVAO DO SUL	BR-116	Federal	116BSC2910				142,9	179,8	PAV	ENTR SC-352(B) (P/TAIÓ) - SÃO CRISTOVÃO DO SUL	ENTR SC-352(B) (P/TAIÓ)	SÃO CRISTOVÃO DO SUL	ENTR SC-352(B) (P/TAIÓ) → SÃO CRISTOVÃO DO SUL	SÃO CRISTOVÃO DO SUL → ENTR SC-352(B) (P/TAIÓ)	8	4	12
115	120	2	-19898433	-47841085	Sudeste	MG	Delta	BR-464	Concedida Federal	464BMG0060	222.80	242.10	DUP	DUPLA	ENTR BR-262(B) - ENTR BR-050(B)	BR-050	Federal	050BMG0270	464BMG0060			179,8	199,1	DUP	ENTR BR-262(B) - ENTR BR-464(B) (P/CONQUISTA)	ENTR BR-262(B)	ENTR BR-464(B) (P/CONQUISTA)	ENTR BR-262(B) → ENTR BR-464(B) (P/CONQUISTA)	ENTR BR-464(B) (P/CONQUISTA) → ENTR BR-262(B)	8	4	12
311	124	2	-8411670	-37172771	Nordeste	PE	Sertânia	BR-232	Federal	232BPE0260	252,00	277,80	PAV	SIMPLES	ENTR PE-270 (P/BUEQUE) - ENTR BR-110 (CRUZEIRO DO NORDESTE)	BR-232	Federal	232BPE0260				252	277,8	PAV	ENTR PE-270 (P/BUÍQUE) - ENTR BR-110 (CRUZEIRO DO NORDESTE)	ENTR PE-270 (P/BUÍQUE)	ENTR BR-110 (CRUZEIRO DO NORDESTE)	ENTR PE-270 (P/BUÍQUE) → ENTR BR-110 (CRUZEIRO DO NORDESTE)	ENTR BR-110 (CRUZEIRO DO NORDESTE) → ENTR PE-270 (P/BUÍQUE)	8	4	12
314	125	2	-8992433	-36486416	Nordeste	PE	Brejão	BR-424	Federal	424BPE0090	101,90	120,90	PAV	SIMPLES	ENTR PE-218 (P/BOM CONSELHO) - ENTR PE-187 (P/PALMEIRINA)	BR-424	Federal	424BPE0090				101,9	120,9	PAV	ENTR PE-218 (P/BOM CONSELHO) - ENTR PE-187 (P/PALMEIRINA)	ENTR PE-218 (P/BOM CONSELHO)	ENTR PE-187 (P/PALMEIRINA)	ENTR PE-218 (P/BOM CONSELHO) → ENTR PE-187 (P/PALMEIRINA)	ENTR PE-187 (P/PALMEIRINA) → ENTR PE-218 (P/BOM CONSELHO)	8	4	12
197	127	2	-12764684	-39814708	Nordeste	BA	Itatim	BR-116	Federal	116BBA0790	525,30	547,30	PAV	SIMPLES	ENTR BA-493 (ITATIM) - ENTR BA-245	BR-116	Federal	116BBA0790				525,3	547,3	PAV	ENTR BA-493 (ITATIM) - ENTR BA-245	ENTR BA-493 (ITATIM)	ENTR BA-245	ENTR BA-493 (ITATIM) → ENTR BA-245	ENTR BA-245 → ENTR BA-493 (ITATIM)	6	3	9
194	130	2	-15836764	-41403333	Sudeste	MG	Pedra Azul	BR-116	Federal	116BMG1010	0,00	25,20	PAV	SIMPLES	DIV BA/MG - ENTR BR-251(A) (P/SALINAS)	BR-116	Federal	116BMG1010				0	25,2	PAV	DIV BA/MG - ENTR BR-251(A) (P/SALINAS)	DIV BA/MG	ENTR BR-251(A) (P/SALINAS)	DIV BA/MG → ENTR BR-251(A) (P/SALINAS)	ENTR BR-251(A) (P/SALINAS) → DIV BA/MG	6	3	9
201	133	2	-10306303	-39062259	Nordeste	BA	Canudos	BR-116	Federal	116BBA0550	154,80	216,10	PAV	SIMPLES	ENTR BR-235 - ENTR BA-220 (EUCLIDES DA CUNHA)	BR-116	Federal	116BBA0550				155,2	216,5	PAV	ENTR BR-235 - ENTR BA-220 (EUCLIDES DA CUNHA)	ENTR BR-235	ENTR BA-220 (EUCLIDES DA CUNHA)	ENTR BR-235 → ENTR BA-220 (EUCLIDES DA CUNHA)	ENTR BA-220 (EUCLIDES DA CUNHA) → ENTR BR-235	6	3	9
290	135	2	-5027790	-40551827	Nordeste	CE	Crateús	BR-403	Fed.delegada	403BCE0190	294,00	329,90	PAV	SIMPLES	ENTR CE-266 (SUCESSO) - ENTR BR-226/404 (CRATE1S)	BR-403	Federal	403BCE0190				294	329,9	PAV	ENTR CE-266 (SUCESSO) - ENTR BR-226/404 (CRATEÚS)	ENTR CE-266 (SUCESSO)	ENTR BR-226/404 (CRATEÚS)	ENTR CE-266 (SUCESSO) → ENTR BR-226/404 (CRATEÚS)	ENTR BR-226/404 (CRATEÚS) → ENTR CE-266 (SUCESSO)	6	3	9
294	138	2	-4465538	-39348339	Nordeste	CE	Canindé	BR-20	Federal	020BCE0606	283,80	308,80	PAV	SIMPLES	ENTR CE-456 (P/TARGINOS) - ENTR CE-257 (CANINDP)	BR-020	Federal	020BCE0590				279,9	308,8	PAV	ENTR CE-456 (P/TARGINOS) - ENTR CE-257 (CANINDÉ)	ENTR CE-456 (P/TARGINOS)	ENTR CE-257 (CANINDÉ)	ENTR CE-456 (P/TARGINOS) → ENTR CE-257 (CANINDÉ)	ENTR CE-257 (CANINDÉ) → ENTR CE-456 (P/TARGINOS)	6	3	9
291	139	2	-3671548	-39162393	Nordeste	CE	São Gonçalo do Amarante	BR-222	Federal	222BCE0070	64,20	77,80	PAV	SIMPLES	ENTR CE-341 (CROATr) - ENTR CE-162 (SCO LU3S DO CURU)	BR-222	Federal	222BCE0070				64,2	77,8	PAV	ENTR CE-341 (CROATÁ) - ENTR CE-162 (SÃO LUÍS DO CURU)	ENTR CE-341 (CROATÁ)	ENTR CE-162 (SÃO LUÍS DO CURU)	ENTR CE-341 (CROATÁ) → ENTR CE-162 (SÃO LUÍS DO CURU)	ENTR CE-162 (SÃO LUÍS DO CURU) → ENTR CE-341 (CROATÁ)	6	3	9
221	147	2	-14848821	-46741902	Centro-Oeste	GO	Flores de Goiás	BR-20	Federal	020BGO0160	105.30	143.30	PAV	SIMPLES	ENTR GO-114 (P/FLORES DE GOITS) - SANTA MARIA	BR-020	Federal	020BGO0160				105,3	143,3	PAV	ENTR GO-114 (P/FLORES DE GOIÁS) - SANTA MARIA	ENTR GO-114 (P/FLORES DE GOIÁS)	SANTA MARIA	ENTR GO-114 (P/FLORES DE GOIÁS) → SANTA MARIA	SANTA MARIA → ENTR GO-114 (P/FLORES DE GOIÁS)	6	3	9
215	152	2	-14597490	-49166879	Centro-Oeste	GO	Uruaçu	BR-80	Concedida Federal	080BGO0190	181.30	193.00	PAV	SIMPLES	ENTR BR-153(A)/GO-342(B) - ENTR BR-153(B)/GO-237 (URUA1 )	BR-080	Federal	080BGO0190	153BGO0412			181,3	193	PAV	ENTR BR-153(A)/GO-342(B) - ENTR BR-153(B)/GO-237 (URUAÇÚ)	ENTR BR-153(A)/GO-342(B)	ENTR BR-153(B)/GO-237 (URUAÇÚ)	ENTR BR-153(A)/GO-342(B) → ENTR BR-153(B)/GO-237 (URUAÇÚ)	ENTR BR-153(B)/GO-237 (URUAÇÚ) → ENTR BR-153(A)/GO-342(B)	6	3	9
122	153	2	-18200499	-49278502	Centro-Oeste	GO	Panamá	BR-153	Federal	153BGO0750	675,50	696,70	DUP	DUPLA	ENTR GO-210(B) (P/PANAM-) - ENTR BR-154/452(A)/483	BR-153	Federal	153BGO0750				675,5	696,7	DUP	ENTR GO-210(B) (P/PANAMÁ) - ENTR BR-154/452(A)/483	ENTR GO-210(B) (P/PANAMÁ)	ENTR BR-154/452(A)/483	ENTR GO-210(B) (P/PANAMÁ) → ENTR BR-154/452(A)/483	ENTR BR-154/452(A)/483 → ENTR GO-210(B) (P/PANAMÁ)	6	3	9
280	157	2	-3351905	-45663194	Nordeste	MA	Governador Newton Bello	BR-316	Federal	316BMA0280	188,70	231,00	PAV	SIMPLES	ENTR MA-006(A) (COCALINHO) - ENTR MA-216 (BOM JARDIM)	BR-316	Federal	316BMA0280				188,7	231	PAV	ENTR MA-006(A) (COCALINHO) - ENTR MA-216 (BOM JARDIM)	ENTR MA-006(A) (COCALINHO)	ENTR MA-216 (BOM JARDIM)	ENTR MA-006(A) (COCALINHO) → ENTR MA-216 (BOM JARDIM)	ENTR MA-216 (BOM JARDIM) → ENTR MA-006(A) (COCALINHO)	6	3	9
283	163	2	-6104182	-44123888	Nordeste	MA	Colinas	BR-135	Federal	135BMA0290	432,40	475,90	PAV	SIMPLES	ENTR MA-132/270 (COLINAS) - ENTR MA-134 (PEIXE)	BR-135	Federal	135BMA0290				432,4	475,9	PAV	ENTR MA-132/270 (COLINAS) - ENTR MA-134 (PEIXE)	ENTR MA-132/270 (COLINAS)	ENTR MA-134 (PEIXE)	ENTR MA-132/270 (COLINAS) → ENTR MA-134 (PEIXE)	ENTR MA-134 (PEIXE) → ENTR MA-132/270 (COLINAS)	6	3	9
176	165	2	-19747949	-43618485	Sudeste	MG	Caeté	BR-381	Federal	381BMG0335	401,20	431,80	PAV	SIMPLES	ENTR MG-434 - ENTR MG-435 (P/CAETE)	BR-381	Federal	381BMG0335				401,2	431,8	PAV	ENTR MG-434 - ENTR MG-435 (P/CAETÉ)	ENTR MG-434	ENTR MG-435 (P/CAETÉ)	ENTR MG-434 → ENTR MG-435 (P/CAETÉ)	ENTR MG-435 (P/CAETÉ) → ENTR MG-434	6	3	9
164	166	2	-21031876	-43776986	Sudeste	MG	Carandaí	BR-40	Federal	040BMG0510	667,20	700,40	PAV	SIMPLES	ENTR MG-275 (P/CARANDAM) - ACESSO ALTO DOCE (IN9CIO PISTA DUPLA)	BR-040	Federal	040BMG0510				667,2	700,4	PAV	ENTR MG-275 (P/CARANDAÍ) - ACESSO ALTO DOCE (INÍCIO PISTA DUPLA)	ENTR MG-275 (P/CARANDAÍ)	ACESSO ALTO DOCE (INÍCIO PISTA DUPLA)	ENTR MG-275 (P/CARANDAÍ) → ACESSO ALTO DOCE (INÍCIO PISTA DUPLA)	ACESSO ALTO DOCE (INÍCIO PISTA DUPLA) → ENTR MG-275 (P/CARANDAÍ)	6	3	9
165	178	2	-21597251	-42794809	Sudeste	MG	Argirita	BR-267	Federal	267BMG0030	7,70	62,00	PAV	SIMPLES	ENTR BR-116(B) - ENTR MG-126 (BICAS)	BR-267	Federal	267BMG0030				7,7	62	PAV	ENTR BR-116(B) - ENTR MG-126 (BICAS)	ENTR BR-116(B)	ENTR MG-126 (BICAS)	ENTR BR-116(B) → ENTR MG-126 (BICAS)	ENTR MG-126 (BICAS) → ENTR BR-116(B)	6	3	9
134	184	2	-19432990	-47206260	Sudeste	MG	Perdizes	BR-452	Fed.delegada	452BMG0250	258.90	298.20	PAV	SIMPLES	ENTR BR-462(B) - ENTR BR-262	BR-452	Federal	452BMG0250				258,9	298,2	PAV	ENTR BR-462(B) - ENTR BR-262	ENTR BR-462(B)	ENTR BR-262	ENTR BR-462(B) → ENTR BR-262	ENTR BR-262 → ENTR BR-462(B)	6	3	9
135	185	2	-19621410	-47239258	Sudeste	MG	Perdizes	BR-262	Federal	262BMG0930	684.2	725.6	PAV	SIMPLES	ENTR BR-452 (P/UBERLANDIA) - ENTR BR-462 (PERDIZES)	BR-262	Federal	262BMG0930				684,2	725,6	PAV	ENTR BR-452 (P/UBERLÂNDIA) - ENTR BR-462 (PERDIZES)	ENTR BR-452 (P/UBERLÂNDIA)	ENTR BR-462 (PERDIZES)	ENTR BR-452 (P/UBERLÂNDIA) → ENTR BR-462 (PERDIZES)	ENTR BR-462 (PERDIZES) → ENTR BR-452 (P/UBERLÂNDIA)	6	3	9
153	187	2	-20966561	-45514113	Sudeste	MG	Aguanil	BR-369	Fed.delegada	369BMG0030	56,70	105,80	PAV	SIMPLES	ENTR MG-354(B) - ENTR BR-265(A)	BR-369	Federal	369BMG0030				56,7	105,8	PAV	ENTR MG-354(B) - ENTR BR-265(A)	ENTR MG-354(B)	ENTR BR-265(A)	ENTR MG-354(B) → ENTR BR-265(A)	ENTR BR-265(A) → ENTR MG-354(B)	6	3	9
151	190	2	-20565877	-45388800	Sudeste	MG	Formiga	BR-354	Federal	354BMG0350	515,70	551,80	PAV	SIMPLES	ACESSO FORMIGA - ENTR MG-164 (CANDEIAS)	BR-354	Federal	354BMG0350				515,5	551,6	PAV	ACESSO FORMIGA - ENTR MG-164 (CANDEIAS)	ACESSO FORMIGA	ENTR MG-164 (CANDEIAS)	ACESSO FORMIGA → ENTR MG-164 (CANDEIAS)	ENTR MG-164 (CANDEIAS) → ACESSO FORMIGA	6	3	9
131	193	2	-18865533	-46894532	Sudeste	MG	Patrocínio	BR-365	Federal	365BMG0205	446,90	458,90	PAV	SIMPLES	ACESSO GUIMAR)NIA - ENTR MG-188	BR-365	Federal	365BMG0205				446,9	458,9	PAV	ACESSO GUIMARÂNIA - ENTR MG-188	ACESSO GUIMARÂNIA	ENTR MG-188	ACESSO GUIMARÂNIA → ENTR MG-188	ENTR MG-188 → ACESSO GUIMARÂNIA	6	3	9
132	194	2	-18309620	-46528425	Sudeste	MG	Presidente Olegário	BR-354	Fed.delegada	354BMG0090	185,40	204,30	PAV	SIMPLES	ENTR MG-410 - PRESIDENTE OLEG-RIO	BR-354	Federal	354BMG0090				185,4	204,3	PAV	ENTR MG-410 - PRESIDENTE OLEGÁRIO	ENTR MG-410	PRESIDENTE OLEGÁRIO	ENTR MG-410 → PRESIDENTE OLEGÁRIO	PRESIDENTE OLEGÁRIO → ENTR MG-410	6	3	9
133	195	2	-18338665	-46013851	Sudeste	MG	Presidente Olegário	BR-365	Federal	365BMG0150	321,60	349,90	PAV	SIMPLES	ENTR MG-060 (P/SrO GONOALO DO ABAET0) - ACESSO GALENA	BR-365	Federal	365BMG0150				321,6	349,9	PAV	ENTR MG-060 (P/SÃO GONÇALO DO ABAETÉ) - ACESSO GALENA	ENTR MG-060 (P/SÃO GONÇALO DO ABAETÉ)	ACESSO GALENA	ENTR MG-060 (P/SÃO GONÇALO DO ABAETÉ) → ACESSO GALENA	ACESSO GALENA → ENTR MG-060 (P/SÃO GONÇALO DO ABAETÉ)	6	3	9
123	196	2	-18932818	-49792819	Sudeste	MG	Ituiutaba	BR-365	Federal	365BMG0410	751,20	791,40	PAV	SIMPLES	ENTR BR-154(B)/461/464 (ITUIUTABA) - ACESSO GURINHATD	BR-365	Federal	365BMG0410				751,2	791,4	PAV	ENTR BR-154(B)/461/464 (ITUIUTABA) - ACESSO GURINHATÃ	ENTR BR-154(B)/461/464 (ITUIUTABA)	ACESSO GURINHATÃ	ENTR BR-154(B)/461/464 (ITUIUTABA) → ACESSO GURINHATÃ	ACESSO GURINHATÃ → ENTR BR-154(B)/461/464 (ITUIUTABA)	6	3	9
150	203	2	-21917620	-45146286	Sudeste	MG	Conceição do Rio Verde	BR-267	Fed.delegada	267BMG0270	327.30	344.70	PAV	SIMPLES	ACESSO CONCEIRiO DO RIO VERDE - ENTR BR-460	BR-267	Federal	267BMG0270				327,3	344,7	PAV	ACESSO CONCEIÇÃO DO RIO VERDE - ENTR BR-460	ACESSO CONCEIÇÃO DO RIO VERDE	ENTR BR-460	ACESSO CONCEIÇÃO DO RIO VERDE → ENTR BR-460	ENTR BR-460 → ACESSO CONCEIÇÃO DO RIO VERDE	6	3	9
308	218	2	-7589975	-36038792	Nordeste	PB	Barra de Santana	BR-104	Federal	104BPB0322	162,50	182,30	PAV	SIMPLES	BARRA DE SANTANA - ENTR PB-196 (P/RIACHO DE SANTO ANT	BR-104	Federal	104BPB0322				162,5	182,3	PAV	BARRA DE SANTANA - ENTR PB-196 (P/RIACHO DE SANTO ANTÔNIO)	BARRA DE SANTANA	ENTR PB-196 (P/RIACHO DE SANTO ANTÔNIO)	BARRA DE SANTANA → ENTR PB-196 (P/RIACHO DE SANTO ANTÔNIO)	ENTR PB-196 (P/RIACHO DE SANTO ANTÔNIO) → BARRA DE SANTANA	6	3	9
205	222	2	-7856131	-40123658	Nordeste	PE	Ouricuri	BR-316	Federal	316BPE0630	71,20	83,90	PAV	SIMPLES	ENTR PE-590 (P/IPUBB) - ENTR BR-122 (OURICURP)	BR-316	Federal	316BPE0630				71,2	83,9	PAV	ENTR PE-590 (P/IPUBÍ) - ENTR BR-122 (OURICURÍ)	ENTR PE-590 (P/IPUBÍ)	ENTR BR-122 (OURICURÍ)	ENTR PE-590 (P/IPUBÍ) → ENTR BR-122 (OURICURÍ)	ENTR BR-122 (OURICURÍ) → ENTR PE-590 (P/IPUBÍ)	6	3	9
203	225	2	-8943742	-40727202	Nordeste	PE	Petrolina	BR-407	Federal	407BPE0250	52,60	124,60	PAV	SIMPLES	RAJADA - ENTR BR-235(A)	BR-407	Federal	407BPE0250				52,6	124,6	PAV	RAJADA - ENTR BR-235(A)	RAJADA	ENTR BR-235(A)	RAJADA → ENTR BR-235(A)	ENTR BR-235(A) → RAJADA	6	3	9
286	226	2	-8065553	-43326086	Nordeste	PI	Pavussu	BR-324	Fed.delegada	324BPI0115	289,80	364,80	PAV	SIMPLES	ENTR PI-394 - ENTR PI-140 (CANTO DO BURITI)	BR-324	Federal	324BPI0115				289,8	364,8	PAV	ENTR PI-394 - ENTR PI-140 (CANTO DO BURITI)	ENTR PI-394	ENTR PI-140 (CANTO DO BURITI)	ENTR PI-394 → ENTR PI-140 (CANTO DO BURITI)	ENTR PI-140 (CANTO DO BURITI) → ENTR PI-394	6	3	9
289	228	2	-3715465	-40434750	Nordeste	CE	Sobral	BR-222	Federal	222BCE0190	228,70	240,70	PAV	SIMPLES	ACESSO OESTE SOBRAL - ENTR BR-403(B)/CE-183	BR-222	Federal	222BCE0190	403BCE0070			228,6	240,6	PAV	ACESSO OESTE SOBRAL - ENTR BR-403(B)/CE-183	ACESSO OESTE SOBRAL	ENTR BR-403(B)/CE-183	ACESSO OESTE SOBRAL → ENTR BR-403(B)/CE-183	ENTR BR-403(B)/CE-183 → ACESSO OESTE SOBRAL	6	3	9
172	242	2	-22091115	-41688894	Sudeste	RJ	Conceição de Macabu	BR-101	Federal	101BRJ2850	124,50	138,10	DUP	SIMPLES	ENTR RJ-196 - ENTR RJ-182	BR-101	Federal	101BRJ2850				125	138,5	DUP	ENTR RJ-196 - ENTR RJ-182	ENTR RJ-196	ENTR RJ-182	ENTR RJ-196 → ENTR RJ-182	ENTR RJ-182 → ENTR RJ-196	6	2	8
157	246	2	-21937860	-44379892	Sudeste	MG	Liberdade	BR-267	Federal	267BMG0170	216.60	270.60	PAV	SIMPLES	ENTR BR-494 (ARANTINA) - AIURUOCA	BR-267	Federal	267BMG0170				216,6	270,6	PAV	ENTR BR-494 (ARANTINA) - AIURUOCA	ENTR BR-494 (ARANTINA)	AIURUOCA	ENTR BR-494 (ARANTINA) → AIURUOCA	AIURUOCA → ENTR BR-494 (ARANTINA)	6	2	8
168	247	2	-21434917	-42009987	Sudeste	RJ	Santo Antônio de Pádua	BR-393	 	393BRJ0170	39,70	60,20	PAV	SIMPLES	ENTR RJ-198(B) - ENTR RJ-200 (MONTE ALEGRE)	BR-393	Federal	393BRJ0170				39,7	60,2	PAV	ENTR RJ-198(B) - ENTR RJ-200 (MONTE ALEGRE)	ENTR RJ-198(B)	ENTR RJ-200 (MONTE ALEGRE)	ENTR RJ-198(B) → ENTR RJ-200 (MONTE ALEGRE)	ENTR RJ-200 (MONTE ALEGRE) → ENTR RJ-198(B)	6	2	8
169	248	2	-21404057	-41691155	Sudeste	RJ	Italva	BR-356	Federal	356BRJ0350	65,90	82,60	PAV	SIMPLES	ENTR RJ-202 - ENTR RJ-234 (P/PENEDO)	BR-356	Federal	356BRJ0350				65,9	82,6	PAV	ENTR RJ-202 - ENTR RJ-234 (P/PENEDO)	ENTR RJ-202	ENTR RJ-234 (P/PENEDO)	ENTR RJ-202 → ENTR RJ-234 (P/PENEDO)	ENTR RJ-234 (P/PENEDO) → ENTR RJ-202	6	2	8
268	258	2	-9856201	-63059495	Norte	RO	Ariquemes	BR-364	 	364BRO1300	516,30	541,30	PAV	SIMPLES	ENTR BR-421 (ARIQUEMES) - ENTR RO-459(A) (ALTO PARAISO)	BR-364	Federal	364BRO1300				516,3	541,3	PAV	ENTR BR-421 (ARIQUEMES) - ENTR RO-459(A) (ALTO PARAISO)	ENTR BR-421 (ARIQUEMES)	ENTR RO-459(A) (ALTO PARAISO)	ENTR BR-421 (ARIQUEMES) → ENTR RO-459(A) (ALTO PARAISO)	ENTR RO-459(A) (ALTO PARAISO) → ENTR BR-421 (ARIQUEMES)	6	2	8
271	261	2	-12134418	-60728014	Norte	RO	Pimenta Bueno	BR-364	Federal	364BRO1090	107,40	142,90	PAV	SIMPLES	ENTR RO-391 (POSTO GUAPORN) - MARCO RONDON	BR-364	Federal	364BRO1090				107,4	142,9	PAV	ENTR RO-391 (POSTO GUAPORÉ) - MARCO RONDON	ENTR RO-391 (POSTO GUAPORÉ)	MARCO RONDON	ENTR RO-391 (POSTO GUAPORÉ) → MARCO RONDON	MARCO RONDON → ENTR RO-391 (POSTO GUAPORÉ)	6	2	8
202	277	2	-10510171	-38376324	Nordeste	BA	Cícero Dantas	BR-110	Federal	110BBA0612	113,50	140,90	PAV	SIMPLES	ENTR BA-392 (ANTAS) - ENTR BA-220 (CLCERO DANTAS)	BR-110	Federal	110BBA0612				113,5	140,9	PAV	ENTR BA-392 (ANTAS) - ENTR BA-220 (CÍCERO DANTAS)	ENTR BA-392 (ANTAS)	ENTR BA-220 (CÍCERO DANTAS)	ENTR BA-392 (ANTAS) → ENTR BA-220 (CÍCERO DANTAS)	ENTR BA-220 (CÍCERO DANTAS) → ENTR BA-392 (ANTAS)	6	2	8
277	289	2	-6440336	-47388413	Nordeste	MA	Porto Franco	BR-226	 	226BMA0930	570,70	598,30	PAV	SIMPLES	ENTR BR-010(A) (PORTO FRANCO) - ENTR BR-010(B)/230(A)/MA-138 (ESTREITO)	BR-010	Federal	010BMA0390	226BMA0930			128,8	156,4	PAV	ENTR BR-226(A)/230(B)/MA-138 (ESTREITO) - ENTR BR-226(B) (PORTO FRANCO)	ENTR BR-226(A)/230(B)/MA-138 (ESTREITO)	ENTR BR-226(B) (PORTO FRANCO)	ENTR BR-226(A)/230(B)/MA-138 (ESTREITO) → ENTR BR-226(B) (PORTO FRANCO)	ENTR BR-226(B) (PORTO FRANCO) → ENTR BR-226(A)/230(B)/MA-138 (ESTREITO)	6	2	8
190	292	2	-12112157	-45214693	Nordeste	BA	Barreiras	BR-242	 	242BBA0330	795,70	884,30	PAV	SIMPLES	ENTR BR-020(A)/135(B)/BA-020 - ENTR BR-020(B)	BR-020	Federal	020BBA0250	242BBA0330			213,5	302,1	PAV	ENTR BR-242(A) - ENTR BR-135(A)/242(B) (BARREIRAS)	ENTR BR-242(A)	ENTR BR-135(A)/242(B) (BARREIRAS)	ENTR BR-242(A) → ENTR BR-135(A)/242(B) (BARREIRAS)	ENTR BR-135(A)/242(B) (BARREIRAS) → ENTR BR-242(A)	6	2	8
